Model,Accuracy,Precision,Recall,F1,ROC_AUC,PR_AUC
Random Forest + SMOTE,0.7947598253275109,0.3170731707317073,0.40625,0.3561643835616438,0.7284462246192894,0.3358378238973721
XGBoost Balanced,0.7860262008733624,0.33653846153846156,0.546875,0.4166666666666667,0.7760548857868022,0.3482672442392988
